-- Food delivery analytics solution for Snowflake
-- Includes raw tables, staging logic, data-quality separation, and business analytics views

CREATE OR REPLACE DATABASE FOOD_DELIVERY_DB;

USE DATABASE FOOD_DELIVERY_DB;

CREATE OR REPLACE SCHEMA RAW;
CREATE OR REPLACE SCHEMA STAGING;
CREATE OR REPLACE SCHEMA ANALYTICS;

USE SCHEMA RAW;

CREATE OR REPLACE TABLE RESTAURANTS (
    RESTAURANT_ID NUMBER(9,0) PRIMARY KEY,
    RESTAURANT_NAME STRING NOT NULL,
    CUISINE_TYPE STRING,
    CITY STRING
);

CREATE OR REPLACE TABLE CUSTOMERS (
    CUSTOMER_ID NUMBER(9,0) PRIMARY KEY,
    FIRST_NAME STRING NOT NULL,
    LAST_NAME STRING NOT NULL,
    EMAIL STRING,
    SIGNUP_DATE DATE
);

CREATE OR REPLACE TABLE FOOD_ORDERS (
    ORDER_ID NUMBER(9,0),
    CUSTOMER_ID NUMBER(9,0),
    RESTAURANT_ID NUMBER(9,0),
    ORDER_DATE DATE,
    ORDER_STATUS STRING,
    ORDER_AMOUNT NUMBER(10,2),
    DELIVERY_TIME_MINUTES NUMBER(9,0),
    CREATED_AT TIMESTAMP_NTZ DEFAULT CURRENT_TIMESTAMP
);

-- Seed reference data
INSERT INTO RESTAURANTS (RESTAURANT_ID, RESTAURANT_NAME, CUISINE_TYPE, CITY) VALUES
    (1, 'Burger Bliss', 'Fast Food', 'Seattle'),
    (2, 'Pizza Palace', 'Italian', 'Chicago'),
    (3, 'Sushi Spot', 'Japanese', 'Austin'),
    (4, 'Taco Town', 'Mexican', 'Denver');

INSERT INTO CUSTOMERS (CUSTOMER_ID, FIRST_NAME, LAST_NAME, EMAIL, SIGNUP_DATE) VALUES
    (1, 'Ava', 'Nguyen', 'ava@example.com', '2024-01-15'),
    (2, 'Ben', 'Patel', 'ben@example.com', '2024-01-16'),
    (3, 'Carmen', 'Lopez', 'carmen@example.com', '2024-01-18'),
    (4, 'Derek', 'Kim', 'derek@example.com', '2024-01-20'),
    (5, 'Eva', 'Chen', 'eva@example.com', '2024-01-22'),
    (6, 'Farah', 'Ali', 'farah@example.com', '2024-01-24');

-- Controlled data quality issues included below:
-- 1) Duplicate order rows for ORDER_ID 1001 and 1002
-- 2) Negative order amount for ORDER_ID 1011
-- 3) Unknown restaurant and unknown customer IDs
-- 4) Invalid delivery time and invalid status
INSERT INTO FOOD_ORDERS (ORDER_ID, CUSTOMER_ID, RESTAURANT_ID, ORDER_DATE, ORDER_STATUS, ORDER_AMOUNT, DELIVERY_TIME_MINUTES) VALUES
    (1001, 1, 1, '2024-02-01', 'DELIVERED', 18.95, 25),
    (1002, 2, 2, '2024-02-01', 'DELIVERED', 24.50, 34),
    (1003, 3, 3, '2024-02-02', 'CANCELLED', 12.00, NULL),
    (1004, 4, 4, '2024-02-02', 'DELIVERED', 29.00, 41),
    (1005, 5, 1, '2024-02-03', 'DELIVERED', 16.75, 22),
    (1006, 6, 2, '2024-02-03', 'DELIVERED', 31.10, 38),
    (1007, 1, 3, '2024-02-04', 'IN_PROGRESS', 27.40, 52),
    (1008, 2, 4, '2024-02-04', 'DELIVERED', 19.99, 30),
    (1009, 3, 1, '2024-02-05', 'CANCELLED', 15.50, NULL),
    (1010, 4, 2, '2024-02-05', 'DELIVERED', 22.00, 27),
    (1011, 5, 3, '2024-02-06', 'DELIVERED', -8.99, 18),
    (1012, 6, 9, '2024-02-06', 'DELIVERED', 20.00, 29),
    (1013, 99, 4, '2024-02-07', 'DELIVERED', 17.25, 24),
    (1001, 1, 1, '2024-02-07', 'DELIVERED', 18.95, 25),
    (1002, 2, 2, '2024-02-08', 'DELIVERED', 24.50, 34),
    (1016, 3, 3, '2024-02-08', 'DELIVERED', 14.00, -10),
    (1017, 4, 4, '2024-02-09', 'PENDING', 21.50, 29),
    (1018, 5, 1, '2024-02-09', 'DELIVERED', 20.25, 33);

USE SCHEMA STAGING;

CREATE OR REPLACE TABLE ORDERS_DEDUPED AS
SELECT
    ORDER_ID,
    CUSTOMER_ID,
    RESTAURANT_ID,
    ORDER_DATE,
    ORDER_STATUS,
    ORDER_AMOUNT,
    DELIVERY_TIME_MINUTES
FROM (
    SELECT
        o.ORDER_ID,
        o.CUSTOMER_ID,
        o.RESTAURANT_ID,
        o.ORDER_DATE,
        o.ORDER_STATUS,
        o.ORDER_AMOUNT,
        o.DELIVERY_TIME_MINUTES,
        ROW_NUMBER() OVER (PARTITION BY o.ORDER_ID ORDER BY o.CREATED_AT) AS rn
    FROM RAW.FOOD_ORDERS o
    WHERE o.ORDER_ID IS NOT NULL
      AND o.CUSTOMER_ID IS NOT NULL
      AND o.RESTAURANT_ID IS NOT NULL
      AND o.ORDER_AMOUNT >= 0
      AND o.ORDER_STATUS IN ('DELIVERED', 'CANCELLED', 'IN_PROGRESS')
      AND o.CUSTOMER_ID IN (SELECT CUSTOMER_ID FROM RAW.CUSTOMERS)
      AND o.RESTAURANT_ID IN (SELECT RESTAURANT_ID FROM RAW.RESTAURANTS)
      AND (
          (o.ORDER_STATUS = 'CANCELLED' AND o.DELIVERY_TIME_MINUTES IS NULL)
          OR (o.ORDER_STATUS IN ('DELIVERED', 'IN_PROGRESS') AND o.DELIVERY_TIME_MINUTES IS NOT NULL AND o.DELIVERY_TIME_MINUTES > 0)
      )
) AS deduped
WHERE rn = 1;

USE SCHEMA ANALYTICS;

CREATE OR REPLACE VIEW INVALID_ORDERS AS
SELECT
    ORDER_ID,
    CUSTOMER_ID,
    RESTAURANT_ID,
    ORDER_DATE,
    ORDER_STATUS,
    ORDER_AMOUNT,
    DELIVERY_TIME_MINUTES,
    INVALID_REASON
FROM (
    SELECT
        o.ORDER_ID,
        o.CUSTOMER_ID,
        o.RESTAURANT_ID,
        o.ORDER_DATE,
        o.ORDER_STATUS,
        o.ORDER_AMOUNT,
        o.DELIVERY_TIME_MINUTES,
        CASE
            WHEN COUNT(*) OVER (PARTITION BY o.ORDER_ID) > 1 THEN 'DUPLICATE_ORDER_ID'
            WHEN o.CUSTOMER_ID IS NULL THEN 'MISSING_CUSTOMER_ID'
            WHEN NOT EXISTS (SELECT 1 FROM RAW.CUSTOMERS c WHERE c.CUSTOMER_ID = o.CUSTOMER_ID) THEN 'UNKNOWN_CUSTOMER'
            WHEN o.RESTAURANT_ID IS NULL THEN 'MISSING_RESTAURANT_ID'
            WHEN NOT EXISTS (SELECT 1 FROM RAW.RESTAURANTS r WHERE r.RESTAURANT_ID = o.RESTAURANT_ID) THEN 'UNKNOWN_RESTAURANT'
            WHEN o.ORDER_AMOUNT < 0 THEN 'NEGATIVE_ORDER_AMOUNT'
            WHEN o.ORDER_STATUS NOT IN ('DELIVERED', 'CANCELLED', 'IN_PROGRESS') THEN 'INVALID_STATUS'
            WHEN o.ORDER_STATUS IN ('DELIVERED', 'IN_PROGRESS') AND (o.DELIVERY_TIME_MINUTES IS NULL OR o.DELIVERY_TIME_MINUTES <= 0) THEN 'INVALID_DELIVERY_TIME'
            ELSE 'VALID'
        END AS INVALID_REASON
    FROM RAW.FOOD_ORDERS o
) AS ranked
WHERE INVALID_REASON <> 'VALID';

CREATE OR REPLACE VIEW CLEAN_ORDERS AS
SELECT
    o.ORDER_ID,
    o.CUSTOMER_ID,
    o.RESTAURANT_ID,
    o.ORDER_DATE,
    o.ORDER_STATUS,
    o.ORDER_AMOUNT,
    o.DELIVERY_TIME_MINUTES,
    c.FIRST_NAME || ' ' || c.LAST_NAME AS CUSTOMER_NAME,
    r.RESTAURANT_NAME,
    r.CITY
FROM STAGING.ORDERS_DEDUPED o
LEFT JOIN RAW.CUSTOMERS c ON o.CUSTOMER_ID = c.CUSTOMER_ID
LEFT JOIN RAW.RESTAURANTS r ON o.RESTAURANT_ID = r.RESTAURANT_ID;

CREATE OR REPLACE VIEW RESTAURANT_PERFORMANCE AS
SELECT
    r.RESTAURANT_ID,
    r.RESTAURANT_NAME,
    COUNT(*) AS TOTAL_ORDERS,
    SUM(CASE WHEN o.ORDER_STATUS = 'DELIVERED' THEN o.ORDER_AMOUNT ELSE 0 END) AS DELIVERED_REVENUE,
    SUM(CASE WHEN o.ORDER_STATUS = 'CANCELLED' THEN 1 ELSE 0 END) AS CANCELLATION_COUNT,
    AVG(CASE WHEN o.ORDER_STATUS = 'DELIVERED' THEN o.DELIVERY_TIME_MINUTES END) AS AVG_DELIVERY_TIME_MINUTES
FROM ANALYTICS.CLEAN_ORDERS o
JOIN RAW.RESTAURANTS r ON o.RESTAURANT_ID = r.RESTAURANT_ID
GROUP BY 1, 2;

CREATE OR REPLACE VIEW KPI_SUMMARY AS
SELECT
    COUNT(*) AS TOTAL_ORDER_COUNT,
    SUM(CASE WHEN ORDER_STATUS = 'DELIVERED' THEN ORDER_AMOUNT ELSE 0 END) AS TOTAL_DELIVERED_REVENUE,
    SUM(CASE WHEN ORDER_STATUS = 'CANCELLED' THEN 1 ELSE 0 END) AS TOTAL_CANCELLATIONS,
    AVG(CASE WHEN ORDER_STATUS = 'DELIVERED' THEN DELIVERY_TIME_MINUTES END) AS AVG_DELIVERY_TIME_MINUTES,
    ROUND(SUM(CASE WHEN ORDER_STATUS = 'DELIVERED' THEN ORDER_AMOUNT ELSE 0 END) / NULLIF(COUNT(*), 0), 2) AS AVG_ORDER_VALUE
FROM ANALYTICS.CLEAN_ORDERS;

-- Analytical query 1: delivered revenue by restaurant
SELECT
    RESTAURANT_NAME,
    DELIVERED_REVENUE
FROM ANALYTICS.RESTAURANT_PERFORMANCE
ORDER BY DELIVERED_REVENUE DESC;

-- Analytical query 2: cancellation rate by restaurant
SELECT
    RESTAURANT_NAME,
    CANCELLATION_COUNT,
    ROUND(CANCELLATION_COUNT * 100.0 / NULLIF(TOTAL_ORDERS, 0), 2) AS CANCELLATION_RATE_PERCENT
FROM ANALYTICS.RESTAURANT_PERFORMANCE
ORDER BY CANCELLATION_RATE_PERCENT DESC;

-- Analytical query 3: average delivery time by restaurant
SELECT
    RESTAURANT_NAME,
    ROUND(AVG_DELIVERY_TIME_MINUTES, 1) AS AVG_DELIVERY_TIME_MINUTES
FROM ANALYTICS.RESTAURANT_PERFORMANCE
ORDER BY AVG_DELIVERY_TIME_MINUTES;

-- Analytical query 4: top customers by total spend
SELECT
    CUSTOMER_NAME,
    ROUND(SUM(ORDER_AMOUNT), 2) AS TOTAL_SPEND
FROM ANALYTICS.CLEAN_ORDERS
GROUP BY CUSTOMER_NAME
ORDER BY TOTAL_SPEND DESC;

-- Analytical query 5: delivered revenue trend by order date
SELECT
    ORDER_DATE,
    ROUND(SUM(CASE WHEN ORDER_STATUS = 'DELIVERED' THEN ORDER_AMOUNT ELSE 0 END), 2) AS DELIVERED_REVENUE
FROM ANALYTICS.CLEAN_ORDERS
GROUP BY ORDER_DATE
ORDER BY ORDER_DATE;
